username,name,url_main,url_user,exists,http_status
edgard98,Freepik,https://www.freepik.com,https://www.freepik.com/edgard98,Unknown,403
edgard98,OP.GG [LeagueOfLegends] Russia,https://www.op.gg/,https://www.op.gg/summoners/search?q=edgard98&region=ru,Available,429
edgard98,OP.GG [LeagueOfLegends] Middle East,https://www.op.gg/,https://www.op.gg/summoners/search?q=edgard98&region=me,Available,429
edgard98,OP.GG [LeagueOfLegends] Turkey,https://www.op.gg/,https://www.op.gg/summoners/search?q=edgard98&region=tr,Available,429
edgard98,OP.GG [LeagueOfLegends] North America,https://www.op.gg/,https://www.op.gg/summoners/search?q=edgard98&region=na,Available,429
edgard98,OP.GG [LeagueOfLegends] Brazil,https://www.op.gg/,https://www.op.gg/summoners/search?q=edgard98&region=br,Available,429
edgard98,OP.GG [LeagueOfLegends] Oceania,https://www.op.gg/,https://www.op.gg/summoners/search?q=edgard98&region=oce,Available,429
edgard98,OP.GG [LeagueOfLegends] Phillippines,https://www.op.gg/,https://www.op.gg/summoners/search?q=edgard98&region=ph,Available,429
edgard98,OP.GG [LeagueOfLegends] Singapore,https://www.op.gg/,https://www.op.gg/summoners/search?q=edgard98&region=sg,Available,429
edgard98,OP.GG [LeagueOfLegends] Taiwan,https://www.op.gg/,https://www.op.gg/summoners/search?q=edgard98&region=tw,Available,429
edgard98,OP.GG [LeagueOfLegends] Korea,https://www.op.gg/,https://www.op.gg/summoners/search?q=edgard98&region=kr,Available,429
edgard98,OP.GG [LeagueOfLegends] Thailand,https://www.op.gg/,https://www.op.gg/summoners/search?q=edgard98&region=th,Available,429
edgard98,OP.GG [LeagueOfLegends] LAN,https://www.op.gg/,https://www.op.gg/summoners/search?q=edgard98&region=lan,Available,429
edgard98,OP.GG [LeagueOfLegends] LAS,https://www.op.gg/,https://www.op.gg/summoners/search?q=edgard98&region=las,Available,429
edgard98,OP.GG [LeagueOfLegends] Europe Nordic & East,https://www.op.gg/,https://www.op.gg/summoners/search?q=edgard98&region=eune,Available,429
edgard98,OP.GG [LeagueOfLegends] Japan,https://www.op.gg/,https://www.op.gg/summoners/search?q=edgard98&region=jp,Available,429
edgard98,OP.GG [LeagueOfLegends] Vietnam,https://www.op.gg/,https://www.op.gg/summoners/search?q=edgard98&region=vn,Available,429
edgard98,Figma,https://www.figma.com/,https://www.figma.com/@edgard98,Unknown,403
edgard98,OP.GG [LeagueOfLegends] Europe West,https://www.op.gg/,https://www.op.gg/summoners/search?q=edgard98&region=euw,Available,429
edgard98,Etsy,https://www.etsy.com/,https://www.etsy.com/shop/edgard98,Unknown,403
edgard98,Shutterstock,https://www.shutterstock.com,https://www.shutterstock.com/g/edgard98/about,Unknown,403
edgard98,YouTube User,https://www.youtube.com/,https://www.youtube.com/@edgard98,Available,404
edgard98,YouTube,https://www.youtube.com/,https://www.youtube.com/@edgard98,Available,404
edgard98,Twitch,https://www.twitch.tv/,https://twitchtracker.com/edgard98,Unknown,403
edgard98,upwork.com,https://upwork.com,https://upwork.com/fl/edgard98,Unknown,403
edgard98,Udemy,https://www.udemy.com,https://www.udemy.com/user/edgard98/,Unknown,403
edgard98,GooglePlayStore,https://play.google.com/store,https://play.google.com/store/apps/developer?id=edgard98,Available,404
edgard98,Twitter,https://www.twitter.com/,https://twitter.com/edgard98,Unknown,403
edgard98,StackOverflow,https://stackoverflow.com,https://stackoverflow.com/users/filter?search=edgard98,Available,200
edgard98,Scribd,https://www.scribd.com/,https://www.scribd.com/edgard98,Available,404
edgard98,Trello,https://trello.com/,https://trello.com/edgard98,Claimed,200
edgard98,Quora,https://www.quora.com/,https://www.quora.com/profile/edgard98,Available,301
edgard98,Blogger,https://www.blogger.com/,https://edgard98.blogspot.com,Available,404
edgard98,Mozilla Support,https://support.mozilla.org,https://support.mozilla.org/en-US/user/edgard98/,Available,404
edgard98,Vimeo,https://vimeo.com,https://vimeo.com/edgard98,Available,404
edgard98,Kickstarter,https://www.kickstarter.com,https://www.kickstarter.com/profile/edgard98,Unknown,403
edgard98,SourceForge,https://sourceforge.net/,https://sourceforge.net/u/edgard98/profile,Unknown,403
edgard98,GitHub,https://www.github.com/,https://github.com/edgard98,Claimed,200
edgard98,Fiverr,https://www.fiverr.com/,https://www.fiverr.com/edgard98,Unknown,403
edgard98,WordPress,https://wordpress.com,https://edgard98.wordpress.com/,Available,302
edgard98,Behance,https://www.behance.net/,https://www.behance.net/edgard98,Available,404
edgard98,Facebook,https://www.facebook.com/,https://www.facebook.com/edgard98,Available,200
edgard98,Naver,https://naver.com,https://blog.naver.com/edgard98,Available,404
edgard98,Unsplash,https://unsplash.com/,https://unsplash.com/@edgard98,Available,404
edgard98,linktr.ee,https://linktr.ee,https://linktr.ee/edgard98,Available,406
edgard98,Wix,https://wix.com/,https://edgard98.wix.com,Available,404
edgard98,Slack,https://slack.com,https://edgard98.slack.com,Available,404
edgard98,Steam (Group),https://steamcommunity.com/,https://steamcommunity.com/groups/edgard98,Available,200
edgard98,DailyMotion,https://www.dailymotion.com,https://www.dailymotion.com/edgard98,Available,404
edgard98,iStock,https://www.istockphoto.com,https://www.istockphoto.com/ru/portfolio/edgard98,Available,200
edgard98,ThemeForest,https://themeforest.net,https://themeforest.net/user/edgard98,Available,404
edgard98,Weebly,http://weebly.com,http://edgard98.weebly.com/,Available,404
edgard98,Freelancer.com,https://www.freelancer.com/,https://www.freelancer.com/api/users/0.1/users?usernames%5B%5D=edgard98&compact=true,Claimed,200
edgard98,giphy.com,https://giphy.com,https://giphy.com/channel/edgard98,Available,404
edgard98,CNET,https://www.cnet.com,https://www.cnet.com/profiles/edgard98/,Available,404
edgard98,Patreon,https://www.patreon.com/,https://www.patreon.com/edgard98,Available,404
edgard98,Disqus,https://disqus.com/,https://disqus.com/edgard98,Available,400
edgard98,SlideShare,https://www.slideshare.net,https://www.slideshare.net/edgard98,Available,200
edgard98,mercadolivre,https://www.mercadolivre.com.br,https://www.mercadolivre.com.br/perfil/edgard98,Available,404
edgard98,TradingView,https://www.tradingview.com/,https://www.tradingview.com/u/edgard98,Available,404
edgard98,Ameblo,https://ameblo.jp,https://ameblo.jp/edgard98,Available,404
edgard98,SoundCloud,https://soundcloud.com/,https://soundcloud.com/edgard98,Claimed,200
edgard98,Steam,https://steamcommunity.com/,https://steamcommunity.com/id/edgard98,Available,200
edgard98,Ebay,https://www.ebay.com/,https://www.ebay.com/usr/edgard98,Unknown,200
edgard98,Issuu,https://issuu.com/,https://issuu.com/edgard98,Available,404
edgard98,Livejasmin,https://www.livejasmin.com/,https://www.livejasmin.com/en/girls/#!chat/edgard98,Available,200
edgard98,Chess,https://www.chess.com,https://www.chess.com/member/edgard98,Claimed,200
edgard98,Tumblr,https://www.tumblr.com,https://www.tumblr.com/edgard98,Available,404
edgard98,Wattpad,https://www.wattpad.com/,https://www.wattpad.com/user/edgard98,Available,404
edgard98,Discogs,https://www.discogs.com/,https://www.discogs.com/user/edgard98,Unknown,403
edgard98,CloudflareCommunity,https://community.cloudflare.com/,https://community.cloudflare.com/u/edgard98/summary,Unknown,403
edgard98,Genius,https://genius.com/,https://genius.com/edgard98,Available,404
edgard98,FandomCommunityCentral,https://community.fandom.com,https://community.fandom.com/wiki/User:edgard98,Available,404
edgard98,TheVerge,https://www.theverge.com,https://www.theverge.com/users/edgard98,Available,410
edgard98,discourse.mozilla.org,https://discourse.mozilla.org,https://discourse.mozilla.org/u/edgard98/summary,Available,404
edgard98,Dreamstime,https://www.dreamstime.com,https://www.dreamstime.com/edgard98_info,Unknown,403
edgard98,Academia.edu,https://www.academia.edu/,https://independent.academia.edu/edgard98,Available,404
edgard98,Telegram,https://t.me/,https://t.me/edgard98,Available,200
edgard98,TikTok,https://www.tiktok.com/,https://www.tiktok.com/@edgard98,Claimed,200
edgard98,Nairaland Forum,https://www.nairaland.com/,https://www.nairaland.com/edgard98,Unknown,403
edgard98,BuzzFeed,https://buzzfeed.com/,https://buzzfeed.com/edgard98,Available,404
edgard98,Imgur,https://imgur.com,https://imgur.com/user/edgard98,Available,404
edgard98,Amazon,https://amazon.com,https://amazon.com/author/edgard98,Available,404
edgard98,GitHubGist,https://gist.github.com,https://gist.github.com/edgard98,Claimed,200
edgard98,BleachFandom,https://bleach.fandom.com/ru,https://bleach.fandom.com/ru/wiki/%D0%A3%D1%87%D0%B0%D1%81%D1%82%D0%BD%D0%B8%D0%BA:edgard98,Available,404
edgard98,Fandom,https://www.fandom.com/,https://www.fandom.com/u/edgard98,Available,404
edgard98,Gamefaqs,https://gamefaqs.gamespot.com,https://gamefaqs.gamespot.com/community/edgard98,Unknown,401
edgard98,community.brave.com,https://community.brave.com,https://community.brave.com/u/edgard98/summary,Available,404
edgard98,Gamespot,https://www.gamespot.com/,https://www.gamespot.com/profile/edgard98/,Available,404
edgard98,WordPressOrg,https://wordpress.org/,https://profiles.wordpress.org/edgard98/,Available,404
edgard98,AppleDiscussions,https://discussions.apple.com/,https://discussions.apple.com/profile/edgard98,Unknown,403
edgard98,Artstation,https://www.artstation.com,https://www.artstation.com/edgard98,Unknown,403
edgard98,OK,https://ok.ru/,https://ok.ru/edgard98,Available,404
edgard98,ChaturBate,https://chaturbate.com,https://chaturbate.com/edgard98,Claimed,200
edgard98,Battleraprus,https://battleraprus.fandom.com/ru,https://battleraprus.fandom.com/ru/wiki/%D0%A3%D1%87%D0%B0%D1%81%D1%82%D0%BD%D0%B8%D0%BA:edgard98,Available,404
edgard98,Rottentomatoes,https://www.rottentomatoes.com,https://www.rottentomatoes.com/critic/edgard98/movies,Available,404
edgard98,MyFitnessPal,https://www.myfitnesspal.com/,https://www.myfitnesspal.com/profile/edgard98,Unknown,403
edgard98,Ultimate-Guitar,https://ultimate-guitar.com/,https://ultimate-guitar.com/u/edgard98,Available,410
edgard98,Rutracker,https://rutracker.org/,https://rutracker.org/forum/profile.php?mode=viewprofile&u=edgard98,Available,200
edgard98,forum.wordreference.com,https://forum.wordreference.com,https://forum.wordreference.com/members/?username=edgard98,Available,200
edgard98,Pinterest,https://www.pinterest.com/,https://www.pinterest.com/edgard98/,Available,200
edgard98,Envato,https://forums.envato.com,https://forums.envato.com/u/edgard98/summary,Available,404
edgard98,calendly.com,https://calendly.com,https://calendly.com/edgard98/15min,Available,404
edgard98,AllRecipes,https://www.allrecipes.com/,https://www.allrecipes.com/cook/edgard98,Available,404
edgard98,Armchairgm,https://armchairgm.fandom.com/,https://armchairgm.fandom.com/wiki/User:edgard98,Available,404
edgard98,GoodReads,https://www.goodreads.com/,https://www.goodreads.com/edgard98,Available,404
edgard98,Wowhead,https://www.wowhead.com,https://www.wowhead.com/user=edgard98,Available,404
edgard98,SoftwareInformer,https://users.software.informer.com,https://users.software.informer.com/edgard98/,Available,301
edgard98,opensea.io,https://opensea.io,https://opensea.io/accounts/edgard98,Available,404
edgard98,Codepen,https://codepen.io/,https://codepen.io/edgard98,Unknown,403
edgard98,Freelance.habr,https://freelance.habr.com/,https://freelance.habr.com/freelancers/edgard98,Available,410
edgard98,Scratch,https://scratch.mit.edu/,https://scratch.mit.edu/users/edgard98,Claimed,200
edgard98,Toster,https://qna.habr.com/,https://qna.habr.com/user/edgard98,Available,404
edgard98,Myspace,https://myspace.com/,https://myspace.com/edgard98,Available,404
edgard98,MyAnimeList,https://myanimelist.net/,https://myanimelist.net/profile/edgard98,Available,404
edgard98,Wikipedia,https://www.wikipedia.org/,https://www.wikipedia.org/wiki/User:edgard98,Available,200
edgard98,cyber.harvard.edu,https://cyber.harvard.edu,https://cyber.harvard.edu/people/edgard98,Available,404
edgard98,Codecanyon,https://codecanyon.net,https://codecanyon.net/user/edgard98,Available,404
edgard98,Kaggle,https://www.kaggle.com/,https://www.kaggle.com/edgard98,Available,404
edgard98,Eksisozluk,https://eksisozluk.com,https://eksisozluk.com/biri/edgard98,Available,404
edgard98,Aparat,https://www.aparat.com,https://www.aparat.com/edgard98,Available,404
edgard98,BodyBuilding,https://bodyspace.bodybuilding.com/,https://bodyspace.bodybuilding.com/edgard98,Available,302
edgard98,community.simplilearn.com,https://community.simplilearn.com,https://community.simplilearn.com/members/?username=edgard98,Available,404
edgard98,Plurk,https://www.plurk.com/,https://www.plurk.com/edgard98,Available,200
edgard98,Redbubble,https://www.redbubble.com/,https://www.redbubble.com/people/edgard98,Available,404
edgard98,ComicvineGamespot,https://comicvine.gamespot.com/,https://comicvine.gamespot.com/profile/edgard98,Available,404
edgard98,Reddit,https://www.reddit.com/,https://www.reddit.com/user/edgard98,Available,200
edgard98,community.adobe.com,https://community.adobe.com,https://community.adobe.com/t5/forums/searchpage/tab/user?q=edgard98,Claimed,200
edgard98,TripAdvisor,https://tripadvisor.com/,https://tripadvisor.com/members/edgard98,Claimed,200
edgard98,www.change.org,https://www.change.org,https://www.change.org/o/edgard98,Available,404
edgard98,BongaCams,https://sbongacams.com,https://bongacams.com/profile/edgard98,Available,404
edgard98,Bandcamp,https://www.bandcamp.com/,https://www.bandcamp.com/edgard98,Available,404
edgard98,AppleDeveloper,https://developer.apple.com/forums,https://developer.apple.com/forums/profile/edgard98,Available,404
edgard98,DiscussPython,https://discuss.python.org/,https://discuss.python.org/u/edgard98/summary,Available,404
edgard98,Zomato,https://www.zomato.com/,https://www.zomato.com/pl/edgard98/foodjourney,Available,404
edgard98,adblockplus.org,https://adblockplus.org,https://adblockplus.org/forum/search.php?keywords=&terms=all&author=edgard98,Available,200
edgard98,Weibo,https://weibo.com,https://weibo.com/edgard98,Available,400
edgard98,Pathofexile,https://ru.pathofexile.com,https://ru.pathofexile.com/account/view-profile/edgard98,Unknown,403
edgard98,YandexMusic,https://music.yandex.ru/,https://music.yandex.ru/users/edgard98/playlists,Available,403
edgard98,123rf,https://ru.123rf.com,https://ru.123rf.com/profile_edgard98,Available,302
edgard98,Duolingo,https://duolingo.com/,https://www.duolingo.com/profile/edgard98,Claimed,200
edgard98,1337x,https://1337x.to,https://1337x.to/user/edgard98/,Available,200
edgard98,PeopleIgn,https://people.ign.com/,https://people.ign.com/edgard98,Available,404
edgard98,Pikabu,https://pikabu.ru/,https://pikabu.ru/@edgard98,Available,404
edgard98,247sports,https://247sports.com,https://247sports.com/user/edgard98/,Available,404
edgard98,jsfiddle.net,https://jsfiddle.net,https://jsfiddle.net/user/edgard98/,Available,404
edgard98,drive2,https://www.drive2.ru/,https://www.drive2.ru/users/edgard98,Available,404
edgard98,PCGamer,https://pcgamer.com,https://forums.pcgamer.com/members/?username=edgard98,Available,200
edgard98,Bit.ly,https://bit.ly,https://bit.ly/edgard98,Available,404
edgard98,CreativeMarket,https://creativemarket.com/,https://creativemarket.com/users/edgard98,Unknown,403
edgard98,Pastebin,https://pastebin.com/,https://pastebin.com/u/edgard98,Available,404
edgard98,discuss.codecademy.com,https://discuss.codecademy.com,https://discuss.codecademy.com/u/edgard98/summary,Available,404
edgard98,Itch.io,https://itch.io/,https://edgard98.itch.io/,Available,404
edgard98,Gofundme,https://www.gofundme.com,https://www.gofundme.com/f/edgard98,Available,404
edgard98,500px,https://500px.com/,https://500px.com/p/edgard98,Unknown,200
edgard98,Sbnation,https://www.sbnation.com,https://www.sbnation.com/users/edgard98,Available,404
edgard98,Habr,https://habr.com/,https://habr.com/ru/users/edgard98/,Available,404
edgard98,Studfile,https://studfile.net,https://studfile.net/users/edgard98/,Available,404
edgard98,Tom's guide,http://forums.tomsguide.com,http://forums.tomsguide.com/members/?username=edgard98,Available,200
edgard98,Pornhub,https://pornhub.com/,https://pornhub.com/users/edgard98,Claimed,200
edgard98,LiveJournal,https://www.livejournal.com/,https://edgard98.livejournal.com,Available,404
edgard98,Dribbble,https://dribbble.com/,https://dribbble.com/edgard98,Available,404
edgard98,Codecademy,https://www.codecademy.com/,https://www.codecademy.com/profiles/edgard98,Claimed,200
edgard98,Freecodecamp,https://www.freecodecamp.org/forum/,https://www.freecodecamp.org/forum/u/edgard98/summary,Available,404
edgard98,last.fm,https://last.fm/,https://last.fm/user/edgard98,Available,404
edgard98,YouPorn,https://youporn.com,https://youporn.com/uservids/edgard98,Available,404
edgard98,TomsHardware,https://forums.tomshardware.com/,https://forums.tomshardware.com/members/?username=edgard98,Available,200
edgard98,ResearchGate,https://www.researchgate.net/,,Illegal,
edgard98,DeviantART,https://deviantart.com,https://edgard98.deviantart.com,Claimed,200
edgard98,VK,https://vk.com/,https://vk.com/edgard98,Claimed,200
edgard98,{username}.tilda.ws,https://tilda.ws,https://edgard98.tilda.ws,Available,404
edgard98,TemplateMonster,https://www.templatemonster.com,https://www.templatemonster.com/authors/edgard98/,Available,404
edgard98,jeuxvideo,http://www.jeuxvideo.com,http://www.jeuxvideo.com/profil/edgard98?mode=infos,Available,404
edgard98,sports.ru,https://www.sports.ru/,https://www.sports.ru/profile/edgard98/,Available,404
edgard98,My.Mail.ru@bk.ru,https://my.mail.ru/,https://my.mail.ru/bk/edgard98/,Available,404
edgard98,Docker Hub,https://hub.docker.com/,https://hub.docker.com/u/edgard98/,Available,404
edgard98,forums.sketchup.com,https://forums.sketchup.com,https://forums.sketchup.com/u/edgard98/summary,Available,404
edgard98,My.Mail.ru@ya.ru,https://my.mail.ru/,https://my.mail.ru/ya.ru/edgard98/,Available,404
edgard98,community.icons8.com,https://community.icons8.com,https://community.icons8.com/u/edgard98/summary,Available,404
edgard98,djskt.lnk.to,https://djskt.lnk.to,https://djskt.lnk.to/edgard98,Available,404
edgard98,note,https://note.com/,https://note.com/edgard98,Available,404
edgard98,HabrCareer,https://career.habr.com/,https://career.habr.com/edgard98,Available,404
edgard98,Redtube,https://ru.redtube.com/,https://ru.redtube.com/users/edgard98,Available,404
edgard98,forums.opera.com,https://forums.opera.com/,https://forums.opera.com/user/edgard98,Available,404
edgard98,forum.sketchfab.com,https://forum.sketchfab.com,https://forum.sketchfab.com/u/edgard98/summary,Available,200
edgard98,Thechive,https://thechive.com/,https://thechive.com/author/edgard98,Available,404
edgard98,BoardGameGeek,https://boardgamegeek.com,https://boardgamegeek.com/user/edgard98,Available,200
edgard98,AskFM,https://ask.fm/,https://ask.fm/edgard98,Unknown,0
edgard98,My.Mail.ru@mail.ru,https://my.mail.ru/,https://my.mail.ru/mail/edgard98/,Claimed,200
edgard98,Ccm,https://ccm.net,https://ccm.net/profile/user/edgard98,Available,404
edgard98,Lichess,https://lichess.org,https://lichess.org/@/edgard98,Claimed,200
edgard98,Eporner,,https://www.eporner.com/profile/edgard98/,Available,404
edgard98,Gab,https://gab.com/,https://gab.com/edgard98,Available,404
edgard98,99designs.com,https://99designs.com,https://99designs.com/profiles/edgard98,Available,404
edgard98,videohive.net,https://videohive.net,https://videohive.net/user/edgard98,Available,404
edgard98,Wikidot,http://www.wikidot.com/,http://www.wikidot.com/user:info/edgard98,Available,200
edgard98,Letterboxd,https://letterboxd.com/,https://letterboxd.com/edgard98,Available,404
edgard98,Tinder,https://tinder.com/,https://www.tinder.com/@edgard98,Available,200
edgard98,BitBucket,https://bitbucket.org/,https://bitbucket.org/edgard98/,Available,404
edgard98,www.gamesradar.com,https://www.gamesradar.com,https://www.gamesradar.com/uk/author/edgard98/,Available,404
edgard98,lyricstranslate.com,https://lyricstranslate.com,https://lyricstranslate.com/sco/translator/edgard98,Available,404
edgard98,Weforum,https://www.weforum.org,https://www.weforum.org/people/edgard98,Unknown,403
edgard98,Cracked,https://www.cracked.com/,https://www.cracked.com/members/edgard98/,Available,301
edgard98,Kaskus,https://www.kaskus.co.id,https://www.kaskus.co.id/@edgard98,Available,404
edgard98,Polygon,https://www.polygon.com/,https://www.polygon.com/users/edgard98,Available,404
edgard98,DigitalOcean,https://www.digitalocean.com/,https://www.digitalocean.com/community/users/edgard98,Available,404
edgard98,forums.docker.com,https://forums.docker.com,https://forums.docker.com/u/edgard98/summary,Available,404
edgard98,fotostrana.ru,https://fotostrana.ru,https://fotostrana.ru/edgard98/,Available,404
edgard98,HubPages,https://hubpages.com/,https://hubpages.com/@edgard98,Available,404
edgard98,Livemaster,https://www.livemaster.ru,https://www.livemaster.ru/edgard98,Available,404
edgard98,Flickr,https://www.flickr.com/,https://www.flickr.com/photos/edgard98,Available,404
edgard98,ArchiveOfOurOwn,https://archiveofourown.org,https://archiveofourown.org/users/edgard98,Unknown,525
edgard98,xHamster,https://xhamster.com,https://xhamster.com/users/edgard98,Claimed,200
edgard98,AllTrails,https://www.alltrails.com/,https://www.alltrails.com/members/edgard98,Unknown,403
edgard98,Rajce.net,https://www.rajce.idnes.cz/,https://edgard98.rajce.idnes.cz/,Available,410
edgard98,Otzovik,https://otzovik.com/,https://otzovik.com/profile/edgard98,Unknown,507
edgard98,MixCloud,https://www.mixcloud.com/,https://www.mixcloud.com/edgard98/,Available,404
edgard98,Warrior Forum,https://www.warriorforum.com/,https://www.warriorforum.com/members/edgard98.html,Available,400
edgard98,9GAG,https://www.9gag.com/,https://www.9gag.com/u/edgard98,Claimed,200
edgard98,osu!,https://osu.ppy.sh/,https://osu.ppy.sh/users/edgard98,Available,404
edgard98,AfreecaTV,http://bjapi.afreecatv.com,http://bjapi.afreecatv.com/api/edgard98/station,Unknown,515
edgard98,Xvideos,https://xvideos.com/,https://xvideos.com/profiles/edgard98,Claimed,200
edgard98,Guru,https://www.guru.com,https://www.guru.com/freelancers/edgard98,Available,404
edgard98,Roblox,https://www.roblox.com/,https://www.roblox.com/user.aspx?username=edgard98,Claimed,200
edgard98,amp.flipboard.com,https://amp.flipboard.com,https://amp.flipboard.com/@edgard98,Available,404
edgard98,Flightradar24,https://www.flightradar24.com/,https://my.flightradar24.com/edgard98,Available,404
edgard98,techspot.com,http://www.techspot.com/community/,http://www.techspot.com/community/members/?username=edgard98,Unknown,403
edgard98,ImgInn,https://imginn.com,https://imginn.com/edgard98/,Available,404
edgard98,Ameba,https://profile.ameba.jp,https://profile.ameba.jp/ameba/edgard98/,Available,404
edgard98,Instructables,https://www.instructables.com/,https://www.instructables.com/member/edgard98,Available,404
edgard98,beacons.ai,https://beacons.ai,https://beacons.ai/edgard98,Unknown,403
edgard98,Xing,https://www.xing.com/,https://www.xing.com/profile/edgard98,Available,404
edgard98,steemit,https://steemit.com,https://steemit.com/@edgard98,Available,404
edgard98,Techrepublic,https://www.techrepublic.com,https://www.techrepublic.com/members/profile/edgard98/,Available,404
edgard98,iRecommend.RU,https://irecommend.ru/,https://irecommend.ru/users/edgard98,Unknown,521
edgard98,Muckrack,https://muckrack.com,https://muckrack.com/edgard98,Unknown,403
edgard98,AlternativeTo,https://alternativeto.net/,https://alternativeto.net/user/edgard98,Unknown,403
edgard98,angel.co,https://angel.co,https://angel.co/u/edgard98,Unknown,403
edgard98,GitLab,https://gitlab.com/,https://gitlab.com/edgard98,Available,200
edgard98,Pluralsight,https://app.pluralsight.com,https://app.pluralsight.com/profile/author/edgard98,Available,404
edgard98,profile.hatena.ne.jp,https://profile.hatena.ne.jp,https://profile.hatena.ne.jp/edgard98/,Available,404
edgard98,Foursquare,https://foursquare.com/,https://foursquare.com/edgard98,Available,404
edgard98,Jigsawplanet,https://www.jigsawplanet.com,https://www.jigsawplanet.com/edgard98,Available,404
edgard98,Yummly,https://www.yummly.com,https://mapi.yummly.com/mapi/v19/user/edgard98,Unknown,0
edgard98,Codementor,https://www.codementor.io/,https://www.codementor.io/edgard98,Available,404
edgard98,TechPowerUp,https://www.techpowerup.com,https://www.techpowerup.com/forums/members/?username=edgard98,Available,200
edgard98,depop.com,https://www.depop.com,https://www.depop.com/edgard98,Unknown,403
edgard98,AllKPop,https://www.allkpop.com/,https://www.allkpop.com/profile/edgard98,Available,302
edgard98,Weedmaps,https://weedmaps.com,https://weedmaps.com/brands/edgard98,Unknown,403
edgard98,authorSTREAM,http://www.authorstream.com/,http://www.authorstream.com/author/edgard98/,Claimed,200
edgard98,Audiojungle,https://audiojungle.net/,https://audiojungle.net/user/edgard98,Available,404
edgard98,Trakt,https://www.trakt.tv/,https://www.trakt.tv/users/edgard98,Unknown,403
edgard98,Gog,https://www.gog.com/,https://www.gog.com/u/edgard98,Available,404
edgard98,community.getpostman.com,https://community.getpostman.com,https://community.getpostman.com/u/edgard98/summary,Available,404
edgard98,hackernoon.com,https://hackernoon.com,https://hackernoon.com/u/edgard98,Available,200
edgard98,pr0gramm,https://pr0gramm.com/,https://pr0gramm.com/api/profile/info?name=edgard98,Available,404
edgard98,ModDB,https://www.moddb.com/,https://www.moddb.com/members/edgard98,Unknown,403
edgard98,OpenStreetMap,https://www.openstreetmap.org/,https://www.openstreetmap.org/user/edgard98,Available,404
edgard98,FilmWeb,https://www.filmweb.pl/user/adam,https://www.filmweb.pl/user/edgard98,Available,200
edgard98,Slashdot,https://slashdot.org,https://slashdot.org/~edgard98,Available,404
edgard98,Typeracer,https://typeracer.com,https://data.typeracer.com/pit/profile?user=edgard98,Available,200
edgard98,Gumroad,https://www.gumroad.com/,https://www.gumroad.com/edgard98,Available,404
edgard98,Fark,https://www.fark.com/,https://www.fark.com/users/edgard98/,Available,200
edgard98,Pokemon Showdown,https://pokemonshowdown.com,https://pokemonshowdown.com/users/edgard98,Claimed,200
edgard98,fixya,https://www.fixya.com,https://www.fixya.com/users/edgard98,Available,404
edgard98,Rate Your Music,https://rateyourmusic.com/,https://rateyourmusic.com/~edgard98,Unknown,403
edgard98,forums.bulbagarden.net,http://forums.bulbagarden.net,http://forums.bulbagarden.net/members/?username=edgard98,Claimed,403
edgard98,Anime-planet,https://www.anime-planet.com,https://www.anime-planet.com/forum/members/?username=edgard98,Available,200
edgard98,Cheezburger,https://profile.cheezburger.com,https://profile.cheezburger.com/edgard98,Available,302
edgard98,VSCO,https://vsco.co/,https://vsco.co/edgard98,Available,404
edgard98,PlanetMinecraft,https://www.planetminecraft.com,https://www.planetminecraft.com/member/edgard98,Unknown,403
edgard98,Flipboard,https://flipboard.com/,https://flipboard.com/@edgard98,Available,404
edgard98,IFTTT,https://www.ifttt.com/,https://www.ifttt.com/p/edgard98,Available,429
edgard98,Baidu,https://tieba.baidu.com,https://tieba.baidu.com/home/main?un=edgard98,Available,200
edgard98,www.minds.com,https://www.minds.com,https://www.minds.com/edgard98,Available,404
edgard98,dailykos,https://www.dailykos.com,https://www.dailykos.com/user/edgard98,Available,404
edgard98,Venmo,https://venmo.com/,https://venmo.com/edgard98,Available,404
edgard98,Pinkbike,https://www.pinkbike.com/,https://www.pinkbike.com/u/edgard98/,Unknown,403
edgard98,DEV Community,https://dev.to/,https://dev.to/edgard98,Available,404
edgard98,F6S,https://f6s.com/,https://www.f6s.com/edgard98,Available,200
edgard98,SkyscraperCity,https://www.skyscrapercity.com,https://www.skyscrapercity.com/members/?username=edgard98,Available,200
edgard98,My.Mail.ru@yandex.ru,https://my.mail.ru/,https://my.mail.ru/yandex.ru/edgard98/,Available,404
edgard98,999.md,https://999.md,https://999.md/ru/profile/edgard98,Available,404
edgard98,My.Mail.ru@list.ru,https://my.mail.ru/,https://my.mail.ru/list/edgard98/,Available,404
edgard98,FortniteTracker,https://fortnitetracker.com/challenges,https://fortnitetracker.com/profile/all/edgard98,Unknown,403
edgard98,My.Mail.ru@gmail.com,https://my.mail.ru/,https://my.mail.ru/gmail.com/edgard98/,Available,404
edgard98,opensource,https://opensource.com/,https://opensource.com/users/edgard98,Available,404
edgard98,Discuss.Elastic.co,https://discuss.elastic.co/,https://discuss.elastic.co/u/edgard98/summary,Available,404
edgard98,SeoClerks,https://www.seoclerks.com,https://www.seoclerks.com/user/edgard98,Available,302
edgard98,Codechef,https://www.codechef.com/,https://www.codechef.com/users/edgard98,Available,302
edgard98,Stihi.ru,https://www.stihi.ru/,https://www.stihi.ru/avtor/edgard98,Available,200
edgard98,About.me,https://about.me/,https://about.me/edgard98,Available,404
edgard98,forums.serebii.net,https://forums.serebii.net,https://forums.serebii.net/members/?username=edgard98,Claimed,403
edgard98,forum.audacityteam.org,https://forum.audacityteam.org,https://forum.audacityteam.org/search.php?author=edgard98,Available,404
edgard98,AdvancedCustomFields,https://support.advancedcustomfields.com/,https://support.advancedcustomfields.com/forums/users/edgard98,Available,404
edgard98,WikimapiaSearch,http://wikimapia.org,http://wikimapia.org/user/tools/users_rating/?username=edgard98,Available,200
edgard98,forums.linuxmint.com,https://forums.linuxmint.com,https://forums.linuxmint.com/search.php?author=edgard98,Available,200
edgard98,Smugmug,https://smugmug.com/,https://edgard98.smugmug.com/,Available,404
edgard98,NameMC,https://namemc.com/,https://namemc.com/profile/edgard98,Unknown,403
edgard98,rapidapi.com,https://rapidapi.com,https://rapidapi.com/blog/author/edgard98/,Available,404
edgard98,Memrise,https://www.memrise.com/,https://www.memrise.com/user/edgard98/,Available,301
edgard98,forums.majorgeeks.com,https://forums.majorgeeks.com,https://forums.majorgeeks.com/members/?username=edgard98,Available,200
edgard98,HackerOne,https://hackerone.com/,https://hackerone.com/edgard98,Available,404
edgard98,NPM-Package,https://www.npmjs.com/,https://www.npmjs.com/package/edgard98,Available,429
edgard98,easyen,https://easyen.ru,https://easyen.ru/index/8-0-edgard98,Unknown,403
edgard98,author.today,https://author.today,https://author.today/u/edgard98,Unknown,403
edgard98,www.itemfix.com,https://www.itemfix.com,https://www.itemfix.com/c/edgard98,Available,200
edgard98,Baby.ru,https://www.baby.ru/,https://www.baby.ru/u/edgard98/,Available,404
edgard98,Repl.it,https://repl.it/,https://repl.it/@edgard98,Available,200
edgard98,Picsart,https://picsart.com/,https://picsart.com/u/edgard98,Available,404
edgard98,Gravatar,http://en.gravatar.com/,http://en.gravatar.com/edgard98,Available,404
edgard98,Sporcle,https://www.sporcle.com/,https://www.sporcle.com/user/edgard98/people,Available,404
edgard98,forum.pkp.sfu.ca,https://forum.pkp.sfu.ca,https://forum.pkp.sfu.ca/u/edgard98/summary,Unknown,403
edgard98,SublimeForum,https://forum.sublimetext.com/,https://forum.sublimetext.com/u/edgard98/summary,Available,404
edgard98,NICommunityForum,https://www.native-instruments.com/forum/,https://www.native-instruments.com/forum/members/?username=edgard98,Available,403
edgard98,ReverbNation,https://www.reverbnation.com/,https://www.reverbnation.com/edgard98,Available,404
edgard98,Zoomir.ir,https://www.zoomit.ir,https://www.zoomit.ir/user/edgard98,Available,404
edgard98,Diigo,https://www.diigo.com/,https://www.diigo.com/interact_api/load_profile_info?name=edgard98,Available,200
edgard98,ProductHunt,https://www.producthunt.com/,https://www.producthunt.com/@edgard98,Available,200
edgard98,LiveLib,https://www.livelib.ru/,https://www.livelib.ru/reader/edgard98,Claimed,200
edgard98,forum.blackmagicdesign.com,https://forum.blackmagicdesign.com,https://forum.blackmagicdesign.com/search.php?author=edgard98,Available,200
edgard98,BuyMeACoffee,https://www.buymeacoffee.com/,https://buymeacoff.ee/edgard98,Available,404
edgard98,discussion.squadhelp.com,https://discussion.squadhelp.com,https://discussion.squadhelp.com/u/edgard98/summary,Unknown,403
edgard98,kofi,https://ko-fi.com,https://ko-fi.com/edgard98,Claimed,200
edgard98,PyPi,https://pypi.org/,https://pypi.org/user/edgard98,Unknown,200
edgard98,N4g,https://n4g.com/,https://n4g.com/user/home/edgard98,Available,404
edgard98,NPM,https://www.npmjs.com/,https://www.npmjs.com/~edgard98,Available,429
edgard98,kwork,https://www.kwork.ru/,https://kwork.ru/user/edgard98,Available,404
edgard98,Pandia,https://pandia.ru,https://pandia.ru/user/profile/edgard98,Available,404
edgard98,Artsy,https://www.artsy.net,https://www.artsy.net/artist/edgard98,Available,404
edgard98,www.tagged.com,http://www.tagged.com,http://www.tagged.com/edgard98,Available,200
edgard98,Coub,https://coub.com/,https://coub.com/edgard98,Available,404
edgard98,Proza.ru,https://www.proza.ru/,https://www.proza.ru/avtor/edgard98,Available,200
edgard98,TheSimsResource,https://www.thesimsresource.com/,https://www.thesimsresource.com/members/edgard98/,Available,302
edgard98,BOOTH,https://booth.pm/,https://edgard98.booth.pm/,Available,302
edgard98,doctissimo,https://club.doctissimo.fr,https://club.doctissimo.fr/edgard98/,Available,404
edgard98,bbs.boingboing.net,https://bbs.boingboing.net,https://bbs.boingboing.net/u/edgard98/summary,Unknown,403
edgard98,accounts.eclipse.org,https://accounts.eclipse.org,https://accounts.eclipse.org/users/edgard98,Available,404
edgard98,Truelancer,https://www.truelancer.com,https://www.truelancer.com/freelancer/edgard98,Available,200
edgard98,Teletype,https://teletype.in,https://teletype.in/@edgard98,Available,404
edgard98,Mix,https://mix.com,https://mix.com/edgard98,Available,404
edgard98,Kwejk,https://kwejk.pl,https://kwejk.pl/uzytkownik/edgard98#/tablica/,Available,404
edgard98,MuffinGroup,https://forum.muffingroup.com,https://forum.muffingroup.com/betheme/profile/edgard98,Available,404
edgard98,hashnode,https://hashnode.com,https://hashnode.com/@edgard98,Claimed,429
edgard98,Funnyjunk,https://funnyjunk.com/,https://funnyjunk.com/user/edgard98,Available,307
edgard98,Picuki,https://www.picuki.com/,https://www.picuki.com/profile/edgard98,Claimed,200
edgard98,Americanthinker,https://www.americanthinker.com/,https://www.americanthinker.com/author/edgard98/,Available,404
edgard98,Speedrun.com,https://speedrun.com/,https://speedrun.com/users/edgard98,Available,404
edgard98,Influenster,https://www.influenster.com/,https://www.influenster.com/edgard98,Unknown,403
edgard98,nightbot,https://nightbot.tv/,https://nightbot.tv/t/edgard98/commands,Available,404
edgard98,Packagist,https://packagist.org/,https://packagist.org/packages/edgard98/,Available,302
edgard98,Neoseeker,https://www.neoseeker.com,https://www.neoseeker.com/members/edgard98/,Unknown,403
edgard98,eBaumsWorld,https://www.ebaumsworld.com/,https://www.ebaumsworld.com/user/profile/edgard98,Available,404
edgard98,discourse.jupyter.org,https://discourse.jupyter.org,https://discourse.jupyter.org/u/edgard98/summary,Available,404
edgard98,Justlanded,https://community.justlanded.com,https://community.justlanded.com/en/profile/edgard98,Available,404
edgard98,Screwfix,https://community.screwfix.com,https://community.screwfix.com/members/?username=edgard98,Available,200
edgard98,ImageShack,https://imageshack.com/,https://imageshack.com/user/edgard98,Available,302
edgard98,Voices,https://www.voices.com/,https://www.voices.com/actors/edgard98,Unknown,403
edgard98,Speakerdeck,https://speakerdeck.com,https://speakerdeck.com/edgard98,Available,404
edgard98,interpals,https://www.interpals.net/,https://www.interpals.net/edgard98,Available,200
edgard98,ifunny.co,https://www.ifunny.co,https://www.ifunny.co/user/edgard98,Available,404
edgard98,AdultFriendFinder,https://adultfriendfinder.com,https://adultfriendfinder.com/profile/edgard98,Claimed,200
edgard98,TVTropes,https://tvtropes.org,https://tvtropes.org/pmwiki/pmwiki.php/Tropers/edgard98,Available,404
edgard98,Championat,https://www.championat.com/,https://www.championat.com/user/edgard98,Available,404
edgard98,allmylinks,https://allmylinks.com/,https://allmylinks.com/edgard98,Available,404
edgard98,joyreactor.cc,http://joyreactor.cc,http://joyreactor.cc/user/edgard98,Available,301
edgard98,Vivino,https://www.vivino.com/,https://www.vivino.com/users/edgard98,Available,404
edgard98,Metal-archives,https://www.metal-archives.com,https://www.metal-archives.com/users/edgard98,Available,404
edgard98,Mouthshut,https://www.mouthshut.com/,https://www.mouthshut.com/edgard98,Available,302
edgard98,giters.com,https://giters.com,https://giters.com/edgard98,Unknown,502
edgard98,forums.indiegala.com,https://forums.indiegala.com,https://forums.indiegala.com/members/?username=edgard98,Available,200
edgard98,TheOdysseyOnline,https://www.theodysseyonline.com,https://www.theodysseyonline.com/user/@edgard98,Available,404
edgard98,Edocr,https://www.edocr.com,https://www.edocr.com/user/edgard98/,Available,404
edgard98,hiveos.farm,https://forum.hiveos.farm,https://forum.hiveos.farm/u/edgard98/summary,Available,404
edgard98,Smule,https://www.smule.com/,https://www.smule.com/edgard98,Claimed,200
edgard98,Douban,https://www.douban.com,https://www.douban.com/people/edgard98/,Unknown,403
edgard98,Jimdo,https://jimdosite.com/,https://edgard98.jimdosite.com,Unknown,403
edgard98,Pbase,https://pbase.com/,https://pbase.com/edgard98/profile,Available,200
edgard98,codeforces.com,http://codeforces.com,http://codeforces.com/profile/edgard98,Available,200
edgard98,Pixwox,https://www.pixwox.com,https://www.pixwox.com/profile/edgard98/,Claimed,200
edgard98,forums.visual-paradigm.com,https://forums.visual-paradigm.com,https://forums.visual-paradigm.com/u/edgard98/summary,Available,404
edgard98,Namepros,https://www.namepros.com/,https://www.namepros.com/members/?username=edgard98,Available,200
edgard98,Kongregate,https://www.kongregate.com/,https://www.kongregate.com/accounts/edgard98,Available,404
edgard98,Empflix,https://www.empflix.com,https://www.empflix.com/profile/edgard98/,Available,301
edgard98,forums.destructoid.com,https://forums.destructoid.com,https://forums.destructoid.com/members/?username=edgard98,Available,200
edgard98,Giantbomb,https://www.giantbomb.com,https://www.giantbomb.com/profile/edgard98,Available,404
edgard98,Freesound,https://freesound.org/,https://freesound.org/people/edgard98/,Available,404
edgard98,forum.snapcraft.io,https://forum.snapcraft.io,https://forum.snapcraft.io/u/edgard98/summary,Available,404
edgard98,4x4.tomsk.ru,http://4x4.tomsk.ru,http://4x4.tomsk.ru/search.php?author=edgard98,Available,200
edgard98,Slides,https://slides.com/,https://slides.com/edgard98,Available,404
edgard98,Armorgames,https://armorgames.com,https://armorgames.com/user/edgard98,Available,302
edgard98,MoneySavingExpert,https://forums.moneysavingexpert.com,https://forums.moneysavingexpert.com/profile/edgard98,Available,404
edgard98,Fodors,https://www.fodors.com,https://www.fodors.com/community/profile/edgard98/forum-activity,Available,302
edgard98,Niftygateway,https://api.niftygateway.com,https://niftygateway.com/profile/edgard98,Available,400
edgard98,Krstarica,https://forum.krstarica.com,https://forum.krstarica.com/members/?username=edgard98,Available,200
edgard98,iXBT,https://forum.ixbt.com,https://forum.ixbt.com/users.cgi?id=info:edgard98,Available,404
edgard98,smart-lab.ru,https://smart-lab.ru/,https://smart-lab.ru/profile/edgard98/,Available,404
edgard98,3ddd,https://3ddd.ru,https://3ddd.ru/users/edgard98,Available,404
edgard98,donorbox,https://donorbox.org,https://donorbox.org/edgard98,Available,404
edgard98,Kinja,https://kinja.com,https://kinja.com/edgard98,Available,404
edgard98,Diary.ru,https://diary.ru,https://edgard98.diary.ru/,Unknown,500
edgard98,TheStudentRoom,https://www.thestudentroom.co.uk,https://www.thestudentroom.co.uk/member.php?username=edgard98,Available,200
edgard98,Hackster,https://www.hackster.io,https://www.hackster.io/edgard98,Unknown,403
edgard98,Wykop,https://www.wykop.pl,https://www.wykop.pl/ludzie/edgard98/,Available,404
edgard98,Fanpop,https://www.fanpop.com/,https://www.fanpop.com/fans/edgard98,Available,404
edgard98,dlive.tv,https://dlive.tv,https://dlive.tv/edgard98,Available,200
edgard98,TrueAchievements,https://www.trueachievements.com,https://www.trueachievements.com/gamer/edgard98,Available,404
edgard98,Codewars,https://www.codewars.com,https://www.codewars.com/users/edgard98,Available,404
edgard98,Coderwall,https://coderwall.com/,https://coderwall.com/edgard98,Available,404
edgard98,forums.steinberg.net,https://forums.steinberg.net,https://forums.steinberg.net/u/edgard98/summary,Available,404
edgard98,Physicsforums,https://www.physicsforums.com,https://www.physicsforums.com/members/?username=edgard98,Available,200
edgard98,Mobypicture,http://www.mobypicture.com,http://www.mobypicture.com/user/edgard98,Available,404
edgard98,Blu-ray,https://forum.blu-ray.com/,https://forum.blu-ray.com/member.php?username=edgard98,Available,200
edgard98,Launchpad,https://launchpad.net/,https://launchpad.net/~edgard98,Available,404
edgard98,Picarto,https://ptvintern.picarto.tv,https://ptvintern.picarto.tv/metadescription/edgard98,Available,200
edgard98,mama.tomsk.ru,https://mama.tomsk.ru/forums,https://mama.tomsk.ru/forums/search.php?author=edgard98,Available,404
edgard98,MyMiniFactory,https://www.myminifactory.com/,https://www.myminifactory.com/users/edgard98,Available,404
edgard98,Iphones.ru,https://www.iphones.ru,https://www.iphones.ru/iNotes/author/edgard98?profile=1,Available,404
edgard98,7dach,https://7dach.ru/,https://7dach.ru/profile/edgard98,Available,404
edgard98,spletnik,https://spletnik.ru/,https://spletnik.ru/user/edgard98,Available,404
edgard98,profi.ru,https://profi.ru,https://profi.ru/profile/edgard98/,Available,404
edgard98,Hotcopper,https://hotcopper.com.au,https://hotcopper.com.au/search/search?type=post&users=edgard98,Available,200
edgard98,couchsurfing,https://www.couchsurfing.com/,https://www.couchsurfing.com/people/edgard98,Available,404
edgard98,PushSquare,http://www.pushsquare.com,http://www.pushsquare.com/users/edgard98,Available,404
edgard98,forum.ykt.ru,https://forum.ykt.ru,https://forum.ykt.ru/viewprofile.jsp?forum_id=11&user=edgard98,Available,302
edgard98,Soup,https://soup.io,https://www.soup.io/author/edgard98,Available,301
edgard98,DigitalPoint,https://www.digitalpoint.com,https://www.digitalpoint.com/members/?username=edgard98,Available,200
edgard98,forum.ghost.org,https://forum.ghost.org,https://forum.ghost.org/u/edgard98/summary,Available,404
edgard98,Contently,https://contently.com/,https://edgard98.contently.com/,Available,200
edgard98,Untappd,https://untappd.com,https://untappd.com/user/edgard98,Available,404
edgard98,BikeRadar,https://forum.bikeradar.com,https://forum.bikeradar.com/profile/edgard98,Available,404
edgard98,lnk.bio,https://lnk.bio,https://lnk.bio/edgard98,Available,200
edgard98,discuss.hashicorp.com,https://discuss.hashicorp.com,https://discuss.hashicorp.com/u/edgard98/summary,Available,404
edgard98,Vgtimes,https://vgtimes.ru,https://vgtimes.ru/user/edgard98,Available,404
edgard98,B17,https://www.b17.ru/,https://www.b17.ru/edgard98,Unknown,503
edgard98,forum.nameberry.com,https://forum.nameberry.com,https://forum.nameberry.com/u/edgard98/summary,Unknown,403
edgard98,blogs.klerk.ru,https://blogs.klerk.ru,https://blogs.klerk.ru/users/edgard98/,Available,200
edgard98,E621,https://e621.net,https://e621.net/users/edgard98,Available,404
edgard98,GBAtemp.net,https://gbatemp.net/,https://gbatemp.net/members/?username=edgard98,Available,200
edgard98,xenforo.com,https://xenforo.com/community/,https://xenforo.com/community/members/?username=edgard98,Available,200
edgard98,akniga,https://akniga.org/,https://akniga.org/profile/edgard98,Available,404
edgard98,Myinstants,https://www.myinstants.com,https://www.myinstants.com/profile/edgard98/,Available,404
edgard98,Forumophilia,https://www.forumophilia.com,https://www.forumophilia.com/profile.php?mode=viewprofile&u=edgard98,Available,200
edgard98,BabyBlog.ru,https://www.babyblog.ru/,https://www.babyblog.ru/user/edgard98,Available,301
edgard98,Etxt,https://www.etxt.ru,https://www.etxt.ru/edgard98.html,Available,404
edgard98,TryHackMe,https://tryhackme.com/,https://tryhackme.com/p/edgard98,Available,200
edgard98,Revelation,https://rev.mail.ru,https://rev.mail.ru/forums/member.php?username=edgard98,Unknown,0
edgard98,Vgtimes/Games,https://vgtimes.ru,https://vgtimes.ru/games/edgard98/forum/,Available,404
edgard98,Brusheezy,https://www.brusheezy.com,https://www.brusheezy.com/members/edgard98,Available,200
edgard98,getmyuni,https://getmyuni.com/,https://www.getmyuni.com/user/edgard98,Available,404
edgard98,forum.shotcut.org,https://forum.shotcut.org,https://forum.shotcut.org/u/edgard98/summary,Available,404
edgard98,GameRevolution,https://forums.gamerevolution.com,https://forums.gamerevolution.com/members/?username=edgard98,Available,200
edgard98,Gitee,https://gitee.com/,https://gitee.com/edgard98,Available,404
edgard98,forum.inaturalist.org,https://forum.inaturalist.org,https://forum.inaturalist.org/u/edgard98/summary,Available,404
edgard98,igromania,http://forum.igromania.ru/,http://forum.igromania.ru/member.php?username=edgard98,Available,200
edgard98,Advego,https://advego.com/,https://advego.com/profile/edgard98/author/,Available,404
edgard98,Cent,https://cent.co/,https://beta.cent.co/@edgard98,Available,200
edgard98,hi5,http://www.hi5.com,http://www.hi5.com/edgard98,Available,200
edgard98,Sbazar.cz,https://www.sbazar.cz/,https://www.sbazar.cz/edgard98,Available,404
edgard98,mel.fm,https://mel.fm,https://mel.fm/blog/edgard98,Available,404
edgard98,ForumHouse,https://www.forumhouse.ru/,https://www.forumhouse.ru/members/?username=edgard98,Available,200
edgard98,GuruShots,https://gurushots.com/,https://gurushots.com/edgard98/photos,Available,200
edgard98,Oper,https://www.oper.ru/,https://www.oper.ru/visitors/info.php?t=edgard98,Available,200
edgard98,Dumpor,https://dumpor.com,https://dumpor.com/v/edgard98,Available,200
edgard98,ESET,https://forum.esetnod32.ru,https://forum.esetnod32.ru/user/edgard98/,Available,404
edgard98,DonationsAlerts,https://www.donationalerts.com/,https://www.donationalerts.com/r/edgard98,Available,404
edgard98,MirTesen,https://mirtesen.ru,https://mirtesen.ru/people/edgard98/profile,Available,200
edgard98,forum.scssoft.com,https://forum.scssoft.com,https://forum.scssoft.com/search.php?author=edgard98,Available,200
edgard98,SevenForums,https://www.sevenforums.com,https://www.sevenforums.com/member.php?username=edgard98,Unknown,403
edgard98,Hackerearth,https://www.hackerearth.com,https://www.hackerearth.com/@edgard98,Available,200
edgard98,sparkpeople,https://www.sparkpeople.com,https://www.sparkpeople.com/mypage.asp?id=edgard98,Available,404
edgard98,Uchportal,https://www.uchportal.ru,https://www.uchportal.ru/index/8-0-edgard98,Available,200
edgard98,Aptoide,https://en.aptoide.com/,https://edgard98.en.aptoide.com/,Available,404
edgard98,forums.digitalpoint.com,https://forums.digitalpoint.com/,https://forums.digitalpoint.com/members/?username=edgard98,Available,200
edgard98,23hq,http://www.23hq.com,http://www.23hq.com/edgard98,Unknown,503
edgard98,Ariva,https://www.ariva.de/,https://www.ariva.de/profil/edgard98,Available,404
edgard98,LiveInternet,https://www.liveinternet.ru,https://www.liveinternet.ru/users/edgard98/profile,Available,200
edgard98,NN.RU,https://www.nn.ru/,https://edgard98.www.nn.ru/,Available,404
edgard98,community.sweatco.in,https://community.sweatco.in,https://community.sweatco.in/u/edgard98/summary,Available,200
edgard98,Bibsonomy,https://www.bibsonomy.org,https://www.bibsonomy.org/user/edgard98,Available,404
edgard98,hunting.karelia.ru,http://hunting.karelia.ru,http://hunting.karelia.ru/search.php?author=edgard98,Available,200
edgard98,teamtreehouse.com,https://teamtreehouse.com,https://teamtreehouse.com/profiles/edgard98,Available,429
edgard98,Psychologies.ru,http://www.psychologies.ru,http://www.psychologies.ru/personal/edgard98,Available,404
edgard98,MoscowFlamp,https://moscow.flamp.ru/,https://moscow.flamp.ru/edgard98,Available,404
edgard98,Tinkoff Invest,https://www.tinkoff.ru/invest/,https://tinkoff.ru/invest/social/profile/edgard98/,Available,200
edgard98,TRASHBOX.RU,https://trashbox.ru/,https://trashbox.ru/users/edgard98,Available,404
edgard98,geocaching,https://www.geocaching.com/,https://www.geocaching.com/profile/?u=edgard98,Claimed,200
edgard98,forums.drom.ru,https://www.forumsdrom.ru/,https://www.forumsdrom.ru/member.php?username=edgard98,Available,200
edgard98,designspiration.com,https://designspiration.com,https://designspiration.com/edgard98/,Available,404
edgard98,Warface,https://wf.mail.ru,https://wf.mail.ru/forums/member.php?username=edgard98,Unknown,0
edgard98,EuroFootball,https://www.euro-football.ru,https://www.euro-football.ru/user/edgard98,Available,302
edgard98,YandexZenChannel,https://dzen.ru,https://dzen.ru/channel/edgard98,Available,404
edgard98,AnimeNewsNetwork,https://www.animenewsnetwork.com,https://www.animenewsnetwork.com/bbs/phpBB2/profile.php?mode=viewprofile&u=edgard98,Available,200
edgard98,Newgrounds,https://newgrounds.com,https://edgard98.newgrounds.com,Available,404
edgard98,Tanks,,,Unknown,0
edgard98,PerfectWorld,,,Unknown,0
edgard98,PerfectWorldForum,,,Unknown,0
edgard98,Infourok,https://infourok.ru,https://infourok.ru/user/edgard98,Unknown,0
edgard98,HackerNews,https://news.ycombinator.com/,https://news.ycombinator.com/user?id=edgard98,Unknown,403
edgard98,forum.openoffice.org,,,Unknown,0
